FECHA,LOCAL,Goles_Local,Goles_Visitante,VISITANTE,RTC
05/03/2014,Inglaterra,1,0,Dinamarca,L
22/05/2014,Hungría,2,2,Dinamarca,E
28/05/2014,Dinamarca,1,0,Suecia,L
30/05/2014,Inglaterra,3,0,Perú,L
03/06/2014,Suiza,2,0,Perú,L
06/08/2014,Perú,3,0,Panamá,L
06/08/2014,Perú,3,0,Panamá,L
20/08/2014,Panamá,4,0,Cuba,L
30/08/2014,Egipto,1,0,Kenia,L
03/09/2014,Rusia,4,0,Azerbaiyán,L
03/09/2014,Dinamarca,1,2,Turquía,V
03/09/2014,Alemania,2,4,Argentina,V
03/09/2014,Costa Rica,3,0,Nicaragua,L
03/09/2014,Alemania,2,4,Argentina,V
03/09/2014,Inglaterra,1,0,Noruega,L
04/09/2014,Francia,1,0,España,L
04/09/2014,Francia,1,0,España,L
04/09/2014,Bélgica,2,0,Australia,L
04/09/2014,Iraq,0,2,Perú,V
04/09/2014,Croacia,2,0,Chipre,L
04/09/2014,Suecia,2,0,Estonia,L
04/09/2014,Bélgica,2,0,Australia,L
05/09/2014,Japón,0,2,Uruguay,V
05/09/2014,Senegal,2,0,Egipto,L
05/09/2014,Colombia,0,1,Brasil,V
05/09/2014,Corea del Sur,3,1,Venezuela,L
05/09/2014,Senegal,2,0,Egipto,L
05/09/2014,Brasil,1,0,Colombia,L
06/09/2014,Nigeria,2,3,Congo,V
06/09/2014,México,0,0,Chile,E
06/09/2014,Túnez,2,1,Botsuana,L
07/09/2014,Portugal,0,1,Albania,V
07/09/2014,Serbia,1,1,Francia,E
07/09/2014,Dinamarca,2,1,Armenia,L
07/09/2014,Serbia,1,1,Francia,E
07/09/2014,Alemania,2,1,Escocia,L
07/09/2014,Costa Rica,2,2,Panamá,E
07/09/2014,Gibraltar,0,7,Polonia,V
08/09/2014,Corea del Sur,0,1,Uruguay,V
08/09/2014,Arabia Saudita,2,3,Australia,V
08/09/2014,Rusia,4,0,Liechtenstein,L
08/09/2014,España,5,1,Macedonia del Norte,L
08/09/2014,Arabia Saudita,2,3,Australia,V
08/09/2014,Brasil,1,0,Ecuador,L
08/09/2014,Suiza,0,2,Inglaterra,V
08/09/2014,Corea del Sur,0,1,Uruguay,V
08/09/2014,Austria,1,1,Suecia,E
08/09/2014,Suiza,0,2,Inglaterra,V
09/09/2014,Qatar,0,2,Perú,V
09/09/2014,Croacia,2,0,Malta,L
09/09/2014,Islandia,3,0,Turquía,L
09/09/2014,México,1,0,Bolivia,L
09/09/2014,Japón,3,0,Venezuela,L
10/09/2014,Egipto,0,1,Túnez,V
10/09/2014,Sudáfrica,0,0,Nigeria,E
10/09/2014,Costa Rica,2,2,Panamá,E
10/09/2014,Panamá,2,0,Nicaragua,L
10/09/2014,Egipto,0,1,Túnez,V
10/09/2014,Botsuana,0,2,Senegal,V
13/09/2014,Costa Rica,2,1,Guatemala,L
13/09/2014,El Salvador,0,1,Panamá,V
09/10/2014,Suecia,1,1,Rusia,E
09/10/2014,Eslovaquia,2,1,España,L
09/10/2014,Eslovenia,1,0,Suiza,L
09/10/2014,México,2,0,Honduras,L
09/10/2014,Suecia,1,1,Rusia,E
09/10/2014,Inglaterra,5,0,San Marino,L
10/10/2014,Arabia Saudita,1,1,Uruguay,E
10/10/2014,Arabia Saudita,1,1,Uruguay,E
10/10/2014,Botsuana,0,2,Egipto,V
10/10/2014,EAU,0,0,Australia,E
10/10/2014,Chile,3,0,Perú,L
10/10/2014,Bulgaria,6,1,Croacia,L
10/10/2014,Letonia,0,3,Islandia,V
10/10/2014, Omán,3,4,Costa Rica,V
10/10/2014,Corea del Sur,2,0,Paraguay,L
10/10/2014,Bélgica,6,0,Andorra,L
10/10/2014,Senegal,0,0,Túnez,E
10/10/2014,Senegal,0,0,Túnez,E
10/10/2014,Colombia,3,0,El Salvador,L
10/10/2014,Japón,1,0,Jamaica,L
11/10/2014,Francia,2,1,Portugal,L
11/10/2014,Francia,2,1,Portugal,L
11/10/2014,Albania,1,1,Dinamarca,E
11/10/2014,Brasil,2,0,Argentina,L
11/10/2014,Sudán,1,0,Nigeria,L
11/10/2014,Brasil,2,0,Argentina,L
11/10/2014,Armenia,1,1,Serbia,E
11/10/2014,Polonia,2,0,Alemania,L
11/10/2014,Polonia,2,0,Alemania,L
12/10/2014,Rusia,1,1,Moldavia,E
12/10/2014,Luxemburgo,0,4,España,V
12/10/2014,México,1,0,Panamá,L
12/10/2014,Suecia,2,0,Liechtenstein,L
12/10/2014,México,1,0,Panamá,L
12/10/2014,Estonia,0,1,Inglaterra,V
13/10/2014,Omán,0,3,Uruguay,V
13/10/2014,Croacia,6,0,Azerbaiyán,L
13/10/2014,Islandia,2,0,Países Bajos,L
13/10/2014,Bosnia y Herzegovina,1,1,Bélgica,E
14/10/2014,Arabia Saudita,1,1,Líbano,E
14/10/2014,Dinamarca,0,1,Portugal,V
14/10/2014,Armenia,0,3,Francia,V
14/10/2014,Dinamarca,0,1,Portugal,V
14/10/2014,Qatar,1,0,Australia,L
14/10/2014,Perú,1,0,Guatemala,L
14/10/2014,Hong Kong,0,7,Argentina,V
14/10/2014,Japón,0,4,Brasil,V
14/10/2014,Corea del Sur,1,3,Costa Rica,V
14/10/2014,Serbia,0,3,Albania,V
14/10/2014,San Marino,0,4,Suiza,V
14/10/2014,Alemania,1,1,Irlanda,E
14/10/2014,Corea del Sur,1,3,Costa Rica,V
14/10/2014,Polonia,2,2,Escocia,E
14/10/2014,Canadá,0,1,Colombia,V
14/10/2014,Japón,0,4,Brasil,V
15/10/2014,Egipto,2,0,Botsuana,L
15/10/2014,Nigeria,3,1,Sudán,L
15/10/2014,Túnez,1,0,Senegal,L
15/10/2014,Túnez,1,0,Senegal,L
06/11/2014,Arabia Saudita,2,0,Palestina,L
12/11/2014,Argentina,2,1,Croacia,L
12/11/2014,Argentina,2,1,Croacia,L
12/11/2014,Bélgica,3,1,Islandia,L
12/11/2014, Turquía,0,4,Brasil,V
12/11/2014,Países Bajos,2,3,México,V
12/11/2014,Bélgica,3,1,Islandia,L
13/11/2014,Uruguay,3,3,Costa Rica,E
13/11/2014,Arabia Saudita,1,1,Catar,E
13/11/2014,Uruguay,3,3,Costa Rica,E
14/11/2014,Portugal,1,0,Armenia,L
14/11/2014,Francia,1,1,Albania,E
14/11/2014,Serbia,1,3,Dinamarca,V
14/11/2014,Paraguay,2,1,Perú,L
14/11/2014,Serbia,1,3,Dinamarca,V
14/11/2014,Alemania,4,0,Gibraltar,L
14/11/2014,Jordania,0,1,Corea del Sur,V
14/11/2014,El Salvador,1,3,Panamá,V
14/11/2014,Botsuana,0,0,Túnez,E
14/11/2014,Georgia,0,4,Polonia,V
14/11/2014,Estados Unidos,1,2,Colombia,V
14/11/2014,Japón,6,0,Honduras,L
15/11/2014,Egipto,0,1,Senegal,V
15/11/2014,Austria,1,0,Rusia,L
15/11/2014,España,3,0,Bielorrusia,L
15/11/2014,Congo,0,2,Nigeria,V
15/11/2014,Suiza,4,0,Lituania,L
15/11/2014,Montenergo,1,1,Suecia,E
15/11/2014,Inglaterra,3,1,Eslovenia,L
15/11/2014,Egipto,0,1,Senegal,V
16/11/2014,Arabia Saudita,3,0,Baréin,L
16/11/2014,Italia,1,1,Croacia,E
16/11/2014,República Checa,2,1,Islandia,L
16/11/2014,Bélgica,0,0,Gales,E
18/11/2014,Chile,1,2,Uruguay,V
18/11/2014,Hungría,1,2,Rusia,V
18/11/2014,España,0,1,Alemania,V
18/11/2014,Argentina,0,1,Portugal,V
18/11/2014,Francia,1,0,Suecia,L
18/11/2014,Rumania,2,0,Dinamarca,L
18/11/2014,Japón,2,1,Australia,L
18/11/2014,Argentina,0,1,Portugal,V
18/11/2014,Austria,1,2,Brasil,V
18/11/2014,Greece,0,2,Serbia,V
18/11/2014,Polonia,2,2,Suiza,E
18/11/2014,España,0,1,Alemania,V
18/11/2014, Bielorrusia,3,2,México,L
18/11/2014,Irán,1,0,Corea del Sur,L
18/11/2014,Panamá,0,0,Canadá,E
18/11/2014,Escocia,1,3,Inglaterra,V
18/11/2014,Polonia,2,2,Suiza,E
18/11/2014,Eslovenia,0,1,Colombia,V
18/11/2014,Japón,2,1,Australia,L
19/11/2014,Arabia Saudita,1,0,Yemen,L
19/11/2014,Túnez,2,1,Egipto,L
19/11/2014,Nigeria,2,2,Sudáfrica,E
19/11/2014,Francia,1,0,Suecia,L
19/11/2014,Túnez,2,1,Egipto,L
19/11/2014,Senegal,3,0,Botsuana,L
23/11/2014,Arabia Saudita,3,2,UAE,L
26/11/2014,Arabia Saudita,1,2,Catar,V
30/12/2014,Baréin,4,1,Arabia Saudita,L
04/01/2015,Irak,0,1,Irán,V
04/01/2015,Arabia Saudita,0,2,Corea del Sur,V
09/01/2015,Australia,4,1,Kuwait,L
09/01/2015,Senegal,1,0,Gabón,L
10/01/2015,Arabia Saudita,0,1,China,V
10/01/2015,Corea del Sur,1,0,Omán,L
11/01/2015,Irán,2,0,Baréin,L
11/01/2015,Nigeria,0,1,Costa de Marfil,V
11/01/2015,Túnez,1,1,Argelia,E
12/01/2015,Japón,4,0,Palestina,L
13/01/2015,Australia,4,0,Oman,L
13/01/2015,Kiwait,0,1,Corea del Sur,V
13/01/2015,Senegal,5,2,Guinea,L
14/01/2015,Corea del Norte,1,4,Arabia Saudita,V
15/01/2015,Catar,0,1,Irán,V
15/01/2015,Suecia,2,0,Costa de Marfil,L
16/01/2015,Guam,0,6,Irán,V
16/01/2015,Canadá,1,2,Islandia,V
16/01/2015,Irak,0,1,Japón,V
17/01/2015,Australia,0,1,Corea del Sur,V
17/01/2015,Australia,0,1,Corea del Sur,V
18/01/2015,Uzbekistán,3,1,Arabia Saudita,L
18/01/2015,Túnez,1,1,Cabo Verde,E
19/01/2015,Irán,1,0,UAE,L
19/01/2015,Canadá,1,1,Islandia,E
19/01/2015,Suecia,0,1,Finlandia,V
19/01/2015,Ghana,1,2,Senegal,V
20/01/2015,Japón,2,0,Jordania ,L
22/01/2015,China,0,2,Australia,V
22/01/2015,Corea del Sur,0,0,Uzbekistán,E
22/01/2015,Zambia,1,2,Túnez,V
23/01/2015,Irán,3,3,Irak,E
23/01/2015,Sudáfrica,1,1,Senegal,E
23/01/2015,Japón,1,1,EAU,E
26/01/2015,Corea del Sur,2,0,Irak,L
26/01/2015,RD Congo,1,1,Túnez,E
27/01/2015,Australia,2,0,EAU,L
27/01/2015,Senegal,0,2,Argelia,V
31/01/2015,Corea del Sur,1,2,Australia,V
31/01/2015,Corea del Sur,1,1,Australia,E
31/01/2015,Túnez,1,2,Guinea Ecuatorial,V
08/02/2015,Estados Unidos,2,0,Panamá,L
25/03/2015,Dinamarca,3,2,Estados Unidos,L
25/03/2015,Alemania,2,2,Australia,E
25/03/2015,Nigeria,0,1,Uganda,V
25/03/2015,Alemania,2,2,Alemania,E
26/03/2015,Egipto,2,0,Guinea Ecuatorial,L
26/03/2015,Irán,2,0,Chile,L
26/03/2015,Francia,1,3,Brasil,V
26/03/2015,Francia,1,3,Brasil,V
26/03/2015,Costa Rica,0,0, Paraguay,E
26/03/2015,Bahréin,0,6,Colombia,V
27/03/2015,Montenegro,0,3,Rusia,V
27/03/2015,España,1,0,Ucrania,L
27/03/2015,Suiza,3,0,Estonia,L
27/03/2015,Corea del Sur,1,1,Uzbekistán,E
27/03/2015,Moldavia,0,2,Suecia,V
27/03/2015,Trinidad y Tobago,0,1,Panamá,V
27/03/2015,Japón,2,0,Túnez,L
27/03/2015,Inglaterra,4,0,Lituania,L
27/03/2015,Japón,2,0,Túnez,L
28/03/2015,Marruecos,0,1,Uruguay,V
28/03/2015,Marruecos,0,1,Uruguay,V
28/03/2015,Croacia,5,1,Noruega,L
28/03/2015,El Salvador,0,2,Argentina,V
28/03/2015,Kazajistán,0,3,Islandia,V
28/03/2015,México,1,0,Ecuador,L
28/03/2015,Bélgica,5,0,Chipre,L
28/03/2015,Ghana,1,2,Senegal,V
29/03/2015,Portugal,2,1,Serbia,L
29/03/2015,Francia,2,0,Dinamarca,L
29/03/2015,Francia,2,0,Dinamarca,L
29/03/2015,Sudáfrica,1,1,Nigeria,E
29/03/2015,Brasil,1,0,Chile,L
29/03/2015,Portugal,2,1,Serbia,L
29/03/2015,Georgia,0,2,Alemania,V
29/03/2015,Irlanda,1,1,Polonia,E
30/03/2015,Macedonia,0,0,Australia,E
30/03/2015,Colombia,3,1,Kuwait,L
31/03/2015,Rusia,0,0,Kazajistán,E
31/03/2015,Paises Bajos,2,0,España,L
31/03/2015,Portugal,0,2,Cabo Verde,V
31/03/2015,Suecia,3,1,Irán,L
31/03/2015,Perú,0,1,Venezuela,V
31/03/2015,Argentina,2,1,Ecuador,L
31/03/2015,Estonia,1,1,Islandia,E
31/03/2015,Panamá,2,1,Costa Rica,L
31/03/2015,Suiza,1,1,Estados Unidos,E
31/03/2015,México,1,0, Paraguay,L
31/03/2015,Corea del Sur,1,0,Nueva Zelanda,L
31/03/2015,Suecia,3,1,Irán,L
31/03/2015,Israel,0,1,Bélgica,V
31/03/2015,Panamá,2,1,Costa Rica,L
31/03/2015,China,1,1,Túnez,E
31/03/2015,Italia,1,1,Inglaterra,E
31/03/2015,Japón,5,1,Uzbekistán,L
15/04/2015,Estados Unidos,2,0,México,L
13/05/2015,Eslovaquia,3,2,Suiza,L
30/05/2015,México,3,0,Guatemala,L
03/06/2015,Perú,1,1,México,E
03/06/2015,Panamá,1,1,Ecuador,E
04/06/2015,España,1,1,México,E
06/06/2015,Uruguay,5,1,Guatemala,L
06/06/2015,Argentina,5,0,Bolivia,L
06/06/2015,Colombia,1,0,Costa Rica,L
06/06/2015,Ecuador,4,0,Panamá,L
06/06/2015,Colombia,1,0,Costa Rica,L
07/06/2015,Rusia,4,2,Bielorrusia,L
07/06/2015,Francia,3,4,Bélgica,V
07/06/2015,Croacia,4,0,Gibraltar,L
07/06/2015,Brasil,2,0,México,L
07/06/2015,Serbia,4,1,Azerbaijan,L
07/06/2015,Brasil,2,0,México,L
07/06/2015,Francia,3,4,Bélgica,V
07/06/2015,Irlanda,0,0,Inglaterra,E
08/06/2015,Egipto,2,1,Malaui,L
08/06/2015,Dinamarca,2,1,Montenegro,L
08/06/2015,Noruega,0,0,Suecia,E
10/06/2015,Brasil,1,0,Honduras,L
10/06/2015,Suiza,3,0,Liechtenstein,L
10/06/2015,Alemania,1,2,Estados Unidos,V
11/06/2015,Arabia Saudita,3,2,Palestina,L
11/06/2015,España,2,1,Costa Rica,L
11/06/2015,Uzbekistán,0,1,Irán,V
11/06/2015,España,2,2,Costa Rica,E
11/06/2015,Corea del Sur,3,0,EAU,L
11/06/2015,Japón,4,0,Irak,L
12/06/2015,Marruecos,1,0,Libia,L
12/06/2015,Croacia,1,1,Italia,E
12/06/2015,Islandia,2,1,República Checa,L
12/06/2015,México,0,0,Bolivia,E
12/06/2015,Gales,1,0,Bélgica,L
12/06/2015,Túnez,8,1,Yibuti,L
13/06/2015,Uruguay,1,0,Jamaica,L
13/06/2015,Armenia,2,3,Portugal,V
13/06/2015,Albania,1,0,Francia,L
13/06/2015,Dinamarca,2,0,Serbia,L
13/06/2015,Argentina,2,2,Paraguay,E
13/06/2015,Dinamarca,2,0,Serbia,L
13/06/2015,Gibraltar,0,7,Alemania,V
13/06/2015,Senegal,3,1,Burundi,L
13/06/2015,Polonia,4,0,Georgia,L
14/06/2015,Egipto,3,0,Tanzania,L
14/06/2015,Rusia,0,1,Austria,V
14/06/2015,Bielorrusia,0,1,España,V
14/06/2015,Brasil,2,1,Perú,L
14/06/2015,Brasil,2,1,España,L
14/06/2015,Lituania,1,2,Suiza,V
14/06/2015,Suecia,3,1,Montenegro,L
14/06/2015,Eslovenia,2,3,Inglaterra,V
14/06/2015,Colombia,0,1,Venezuela,V
15/06/2015,Chile,3,3,México,E
16/06/2015,Argentina,1,0,Uruguay,L
16/06/2015,Italia,0,1,Portugal,V
16/06/2015,Turkmenistán,1,1,Irán,E
16/06/2015,Kurguistán,1,2,Australia,V
16/06/2015,Argentina,1,0,Uruguay,L
16/06/2015,Myanmar,0,2,Corea del Sur,V
16/06/2015,Japón,0,0,Singapur,E
17/06/2015,Brasil,0,1,Colombia,V
17/06/2015,Brasil,0,1,Colombia,V
18/06/2015,Perú,1,0,Venezuela,L
19/06/2015,México,1,2,Ecuador,V
20/06/2015,Uruguay,1,1,Paraguay,E
20/06/2015,Argentina,1,0,Jamaica,L
21/06/2015,Colombia,0,0,Perú,E
21/06/2015,Brasil,2,1, Venezuela,L
21/06/2015,Colombia,0,0,Perú,E
24/06/2015,Chile,1,0,Uruguay,L
25/06/2015,Bolivia,1,3,Perú,V
26/06/2015,Argentina,0,0,Colombia,E
26/06/2015,México,2,2,Costa Rica,E
26/06/2015,Argentina,0,0,Colombia,E
27/06/2015,Brasil,1,1, Paraguay,E
27/06/2015,México,2,2,Costa Rica,E
29/06/2015,Chile,2,1,Perú,L
30/06/2015,Argentina,6,1,Paraguay,L
01/07/2015,México,0,0,Honduras,E
03/07/2015,Perú,2,0,Paraguay,L
04/07/2015,Chile,0,0,Argentina,E
07/07/2015,Panamá,1,1,Haití,E
08/07/2015,Costa Rica,2,2, Jamaica,E
09/07/2015,México,6,0, Cuba,L
10/07/2015,Honduras,1,1,Panamá,E
12/07/2015,Guatemala,0,0,México,E
13/07/2015,Panamá,1,1,Estados Unidos,E
14/07/2015, Canadá,0,0,Costa Rica,E
15/07/2015,México,4,4, Trinidad y Tobago,E
19/07/2015,México,1,0,Costa Rica,L
19/07/2015,México,1,0,Costa Rica,L
19/07/2015,Trinidad y Tobago,1,1,Panamá,E
22/07/2015,México,2,1,Panamá,L
22/07/2015,Panamá,1,2,México,V
25/07/2015,Estados Unidos,1,1,Panamá,E
26/07/2015,México,3,1, Jamaica,L
02/08/2015,China,0,2,Corea del Sur,V
02/08/2015,Corea del Norte,2,1,Japón,L
05/08/2015,Japón,1,1,Corea del Sur,E
05/08/2015,Japón,1,1,Corea del Sur,E
09/08/2015,Corea del Sur,0,0,Corea del Norte,E
09/08/2015,China,1,1,Japón,E
13/08/2015,Túnez,-,-,Libia,E
31/08/2015,Túnez,-,-,Marruecos,E
03/09/2015,Arabia Saudita,7,0,Timor Oriental,L
03/09/2015,Irán,6,0,Guam,L
03/09/2015,Australia,5,0,Bangladesh,L
03/09/2015,Azerbaiyán,0,0,Croacia,E
03/09/2015,Países Bajos,0,1,Islandia,V
03/09/2015,Corea del Sur,8,0,Laos,L
03/09/2015,Bélgica,3,1,Bosnia y Herzegovina,L
03/09/2015,Japón,3,0,Cambodia,L
04/09/2015,Panamá,0,1,Uruguay,V
04/09/2015,Portugal,0,1,Francia,V
04/09/2015,Portugal,0,1,Francia,V
04/09/2015,Dinamarca,0,0,Albania,E
04/09/2015,Estados Unidos,2,1,Perú,L
04/09/2015,Argentina,7,0,Bolivia,L
04/09/2015,Serbia,2,0,Armenia,L
04/09/2015,Alemania,3,1,Polonia,L
04/09/2015,México,3,3, Trinidad y Tobago,E
04/09/2015,Panamá,0,1,Uruguay,V
04/09/2015,Alemania,3,1,Polonia,L
05/09/2015,Rusia,1,0,Suecia,L
05/09/2015,Santo Tomé y Príncipe,0,3,Marruecos,V
05/09/2015,España,2,0,Eslovaquia,L
05/09/2015,Tanzania,0,0,Nigeria,E
05/09/2015,Costa Rica,0,1,Brasil,V
05/09/2015,Costa Rica,0,1,Brasil,V
05/09/2015,Suiza,3,2,Eslovenia,L
05/09/2015,Rusia,1,0,Suecia,L
05/09/2015,Liberia,1,0,Túnez,L
05/09/2015,San Marino,0,6,Inglaterra,V
05/09/2015,Namibia,0,2,Senegal,V
06/09/2015,Noruega,2,0,Croacia,L
06/09/2015,Islandia,0,0,Kazajistán,E
06/09/2015,Chipre,0,1,Bélgica,V
07/09/2015,Albania,0,1,Portugal,V
07/09/2015,Francia,2,1,Serbia,L
07/09/2015,Armenia,0,0,Dinamarca,E
07/09/2015,Francia,2,1,Serbia,L
07/09/2015,Escocia,2,3,Alemania,V
07/09/2015,Polonia,8,1,Gibraltar,L
08/09/2015,Costa Rica,1,0,Uruguay,L
08/09/2015,Malasia,0,3,Arabia Saudita,V
08/09/2015,Liechtenstein,0,7,Rusia,V
08/09/2015,Macedonia del Norte,0,1,España,V
08/09/2015,India,0,3,Irán,V
08/09/2015,Tayikistán,0,3,Australia,V
08/09/2015,Colombia,1,1,Perú,E
08/09/2015,Argentina,2,2,México,E
08/09/2015,Nigeria,2,0,Níger,L
08/09/2015,Estados Unidos,1,4,Brasil,V
08/09/2015,Costa Rica,1,0,Uruguay,L
08/09/2015,Inglaterra,2,0,Suiza,L
08/09/2015,México,2,2,Argentina,E
08/09/2015,Líbano,0,3,Corea del Sur,V
08/09/2015,Suecia,1,4,Austria,V
08/09/2015,Venezuela,1,1,Panamá,E
08/09/2015,Inglaterra,2,0,Suiza,L
08/09/2015,Sudáfrica,1,0,Senegal,L
08/09/2015,Colombia,1,1,Perú,E
08/09/2015,Afganistán,0,6,Japón,V
08/10/2015,Bolivia,0,2,Uruguay,V
08/10/2015,Arabia Saudita,2,1,UAE,L
08/10/2015,Portugal,1,0,Dinamarca,L
08/10/2015,Omán,1,1,Irán,E
08/10/2015,Francia,4,0,Armenia,L
08/10/2015,Portugal,1,0,Dinamarca,L
08/10/2015,Jordania,2,0,Australia,L
08/10/2015,Colombia,2,0,Perú,L
08/10/2015,Argentina,0,2,Ecuador,V
08/10/2015,Nigeria,0,2,RD Congo,V
08/10/2015,Chile,2,0,Brasil,L
08/10/2015,Costa Rica,0,1, Sudáfrica,V
08/10/2015,Albania,0,2,Serbia,V
08/10/2015,Irlanda,1,0,Alemania,L
08/10/2015,Kuwait,0,1,Corea del Sur,V
08/10/2015,Panamá,1,2,Trinidad y Tobago,V
08/10/2015,Escocia,2,2,Polonia,E
08/10/2015,Colombia,2,0,Perú,L
08/10/2015,Siria,0,3,Japón,V
09/10/2015,Moldavia,1,2,Rusia,V
09/10/2015,Marruecos,0,1,Costa de Marfil,V
09/10/2015,España,4,0,Luxemburgo,L
09/10/2015,Suiza,7,0,San Marino,L
09/10/2015,Liechtenstein,0,2,Suecia,V
09/10/2015,Túnez,3,3,Gabón,E
09/10/2015,Inglaterra,2,0,Estonia,L
10/10/2015,Croacia,3,0,Bulgaria,L
10/10/2015,Islandia,2,2,Letonia,E
10/10/2015,Estados Unidos,2,3,México,V
10/10/2015,Andorra,1,4,Bélgica,V
11/10/2015,Serbia,1,2,Portugal,V
11/10/2015,Dinamarca,1,2,Francia,V
11/10/2015,Dinamarca,1,2,Francia,V
11/10/2015,Nigeria,3,0,Camerún,L
11/10/2015,Brasil,3,1, Venezuela,L
11/10/2015,Serbia,1,2,Portugal,V
11/10/2015,Alemania,2,1,Georgia,L
11/10/2015,Polonia,2,1,Irlanda,L
12/10/2015,Rusia,2,0,Montenegro,L
12/10/2015,Marruecos,1,1,Guinea,E
12/10/2015,Ucrania,0,1,España,V
12/10/2015,Estonia,0,1,Suiza,V
12/10/2015,Suecia,2,0,Moldavia,L
12/10/2015,Lituania,0,3,Inglaterra,V
13/10/2015,Uruguay,3,0,Colombia,L
13/10/2015,Irán,1,1,Japón,E
13/10/2015,Perú,3,4,Chile,V
13/10/2015,Malta,1,1,Croacia,E
13/10/2015,Paraguay,0,0,Argentina,E
13/10/2015,Turquía,1,0,Islandia,L
13/10/2015,Estados Unidos,0,1,Costa Rica,V
13/10/2015,México,1,0,Panamá,L
13/10/2015,Corea del Sur,3,0,Jamaica,L
13/10/2015,Bélgica,3,1,Israel,L
13/10/2015,México,1,0,Panamá,L
13/10/2015,Argelia,1,0,Senegal,L
13/10/2015,Uruguay,3,0,Colombia,L
13/10/2015,Irán,1,1,Japón,E
17/10/2015,Nigeria,2,0,Burkina Faso,L
18/10/2015,Guinea,2,0,Senegal,L
24/10/2015,Senegal,3,1,Guniea,L
25/10/2015,Burkina Faso,0,0,Nigeria,E
09/11/2015,Palestina,0,0,Arabia Saudita,E
12/11/2015,Ecuador,2,1,Uruguay,L
12/11/2015,Marruecos,2,0,Guinea Ecuatorial,L
12/11/2015,Irán,3,1,Turkmenistán,L
12/11/2015,Australia,3,0,Kurguistán,L
12/11/2015,Corea del Sur,4,0,Myanmar,L
12/11/2015,Chile,1,1,Colombia,E
12/11/2015,Singapur,0,3,Japón,V
13/11/2015,España,2,0,Inglaterra,L
13/11/2015,Francia,2,0,Alemania,L
13/11/2015,Perú,1,0,Paraguay,L
13/11/2015,Argentina,1,1,Brasil,E
13/11/2015,Suazilandia,0,0,Nigeria,E
13/11/2015,Polonia,4,2,Islandia,L
13/11/2015,Argentina,1,1,Brasil,E
13/11/2015,Costa Rica,1,0, Haití,L
13/11/2015,Republica Checa,4,1,Serbia,L
13/11/2015,Francia,2,0,Alemania,L
13/11/2015,México,3,0, El Salvador,L
13/11/2015,Bélgica,3,1,Italia,L
13/11/2015,Jamaica,0,2,Panamá,V
13/11/2015,Mauritania,1,2,Túnez,V
13/11/2015,España,2,0,Inglaterra,L
13/11/2015,Madagascar,2,2,Senegal,E
13/11/2015,Polonia,4,2,Islandia,L
14/11/2015,Chad,1,0,Egipto,L
14/11/2015,Rusia,1,0,Portugal,L
14/11/2015,Rusia,1,0,Portugal,L
14/11/2015,Suecia,2,1,Dinamarca,L
14/11/2015,Suecia,2,1,Dinamarca,L
15/11/2015,Guinea Ecuatorial,1,0,Marruecos,L
17/11/2015,Uruguay,3,0,Chile,L
17/11/2015,Timor Central,0,10,Arabia Saudita,V
17/11/2015,Egipto,4,0,Chad,L
17/11/2015,Rusia,1,3,Croacia,V
17/11/2015,Luxemburgo,0,2,Portugal,V
17/11/2015,Inglaterra,2,0,Francia,L
17/11/2015,Dinamarca,2,2,Suecia,E
17/11/2015,Bangladesh,0,4,Australia,V
17/11/2015,Brasil,3,0,Perú,L
17/11/2015,Rusia,1,3,Croacia,V
17/11/2015,Colombia,0,1,Argentina,V
17/11/2015,Nigeria,2,0,Suazilandia,L
17/11/2015,Eslovaquia,3,1,Islandia,L
17/11/2015,Brasil,3,0,España,L
17/11/2015,Panamá,1,2,Costa Rica,V
17/11/2015,Austria,1,2,Suiza,V
17/11/2015,Honduras,0,2,México,V
17/11/2015,Laos,0,5,Corea del Sur,V
17/11/2015,Dinamarca,2,2,Suecia,E
17/11/2015,Panamá,1,2,Costa Rica,V
17/11/2015,Túnez,2,1,Mauritania,L
17/11/2015,Inglaterra,2,0,Francia,L
17/11/2015,Senegal,3,0,Madagascar,L
17/11/2015,Polonia,3,1,República Checa,L
17/11/2015,Colombia,0,1,Argentina,V
17/11/2015,Cambiya,0,2,Japón,V
15/12/2015,Costa Rica,1,0,Nicaragua,L
06/01/2016,Suecia,1,1,Estonia,E
08/01/2016,Cuba,0,4,Panamá,V
10/01/2016,Finlandia,0,3,Suecia,V
13/01/2016,Finlandia,0,1,Islandia,V
16/01/2016,Gabón,0,0,Marruecos,E
16/01/2016,Emiratos Árabes Unidos,2,1,Islandia,L
18/01/2016,Nigeria,4,1,Níger,L
18/01/2016,Túnez,2,2,Guinea,E
20/01/2016,Marruecos,0,1,Costa de Marfil,V
22/01/2016,Túnez,1,1,Nigeria,E
24/01/2016,Marruecos,4,1,Ruanda,L
26/01/2016,Níger,0,5,Túnez,V
27/01/2016,Egipto,0,1,Jordania,V
29/01/2016,Egipto,2,0,Libia,L
31/01/2016,Estados Unidos,3,2,Islandia,L
31/01/2016,Túnez,1,2,Malí,V
02/02/2016, Venezuela,1,0,Costa Rica,L
10/02/2016,México,2,0,Senegal,L
27/02/2016,Egipto,2,0,Burkina Faso,L
23/03/2016,Croacia,2,0,Israel,L
23/03/2016,Polonia,1,0,Serbia,L
23/03/2016,Polonia,1,0,Serbia,L
24/03/2016,Arabia Saudita,2,0,Malasia,L
24/03/2016,Irán,4,0,India,L
24/03/2016,Dinamarca,2,1,Islandia,L
24/03/2016,Australia,7,0,Tayikistán,L
24/03/2016,Chile,1,2,Argentina,V
24/03/2016,Dinamarca,2,1,Islandia,L
24/03/2016,Brasil,2,2,Uruguay,E
24/03/2016,Corea del Sur,1,0,Líbano,L
24/03/2016,Turquía,2,1,Suecia,L
24/03/2016,Bolivia,2,3,Colombia,V
24/03/2016,Japón,5,0,Afganistán,L
25/03/2016,Brasil,2,2,Uruguay,E
25/03/2016,Nigeria,1,1,Egipto,E
25/03/2016,Países Bajos,2,3,Francia,V
25/03/2016,Perú,2,2,Venezuela,E
25/03/2016, Jamaica,1,1,Costa Rica,E
25/03/2016,Irlanda,1,0,Suiza,L
25/03/2016, Canadá,0,3,México,V
25/03/2016,Haití,0,0,Panamá,E
25/03/2016,Túnez,1,0,Togo,L
26/03/2016,Cabo Verde,0,1,Marruecos,V
26/03/2016,Hungría,1,1,Croacia,E
26/03/2016,Alemania,2,3,Inglaterra,V
26/03/2016,Senegal,2,0,Níger,L
26/03/2016,Polonia,5,0,Finlandia,L
27/03/2016,Tailandia,0,1,Corea del Sur,V
29/03/2016,Uruguay,1,0,Perú,L
29/03/2016,UAE,1,1,Arabia Saudita,E
29/03/2016,Egipto,1,0,Nigeria,L
29/03/2016,Marruecos,2,0,Cabo Verde,L
29/03/2016,Irán,2,0,Omán,L
29/03/2016,Francia,4,2,Rusia,L
29/03/2016,Escocia,1,0,Dinamarca,L
29/03/2016,Australia,5,1,Jordania,L
29/03/2016,Uruguay,1,0,Perú,L
29/03/2016,Argentina,2,0,Bolivia,L
29/03/2016,Grecia,2,3,Islandia,V
29/03/2016, Paraguay,2,2,Brasil,E
29/03/2016,Costa Rica,3,0, Jamaica,L
29/03/2016,Estonia,0,1,Serbia,V
29/03/2016,Suiza,0,2,Bosnia,V
29/03/2016,Alemania,4,1,Italia,L
29/03/2016,México,2,0, Canadá,L
29/03/2016,Corea del Sur,3,0,Kuwait,L
29/03/2016,Suecia,1,1,República Checa,E
29/03/2016,Panamá,1,0,Haití,L
29/03/2016,Togo,0,0,Túnez,E
29/03/2016,Colombia,3,1,Ecuador,L
29/03/2016,Japón,5,0,Siria,L
23/05/2016,Perú,4,0,Trinidad y Tobago,L
25/05/2016,Serbia,2,1,Chipre,L
27/05/2016,Uruguay,3,1,Trinidad y Tobago,L
27/05/2016,Inglaterra,2,1,Australia,L
27/05/2016,Croacia,1,0,Moldavia,L
27/05/2016,Argentina,1,0,Honduras,L
28/05/2016,Perú,3,1,El Salvador,L
28/05/2016,Costa Rica,2,1, Venezuela,L
28/05/2016,Suiza,1,2,Bélgica,V
28/05/2016,México,1,0, Paraguay,L
29/05/2016,Panamá,0,2,Brasil,V
29/05/2016,Alemania,1,3,Eslovaquia,V
29/05/2016,Colombia,3,1,Haití,L
30/05/2016,Francia,3,2,Camerún,L
30/05/2016,Suecia,0,0,Eslovenia,E
31/05/2016,Luxemburgo,1,3,Nigeria,V
31/05/2016,Serbia,3,1,Israel,L
01/06/2016,Noruega,3,2,Islandia,L
01/06/2016,México,1,0,Chile,L
01/06/2016,España,6,1,Corea del Sur,L
01/06/2016,Polonia,1,2,Países Bajos,V
02/06/2016,Suiza,2,1,Moldavia,L
03/06/2016,Libia,1,1,Marruecos,E
03/06/2016,Bosnia,2,2,Dinamarca,E
03/06/2016,Yibuti,0,3,Túnez,V
03/06/2016,Estados Unidos,0,2,Colombia,V
03/06/2016,Japón,7,2,Bulgaria,L
04/06/2016,Tanzania,0,2,Egipto,V
04/06/2016,Francia,3,0,Escocia,L
04/06/2016,Australia,1,0,Grecia,L
04/06/2016,Haití,0,1,Perú,V
04/06/2016,Croacia,10,0,San Marino,L
04/06/2016,Brasil,0,0,Ecuador,E
04/06/2016,Costa Rica,0,0, Paraguay,E
04/06/2016,Alemania,2,0,Hungría,L
04/06/2016,Burundi,0,2,Senegal,V
05/06/2016,México,3,1,Uruguay,L
05/06/2016,Serbia,1,1,Rusia,E
05/06/2016,México,3,1,Uruguay,L
05/06/2016,República Checa,1,2,Corea del Sur,V
05/06/2016,Suecia,3,0,Gales,L
06/06/2016,Argentina,2,1,Chile,L
06/06/2016,Islandia,4,0,Liechtenstein,L
06/06/2016,Panamá,2,1,Bolivia,L
06/06/2016,Polonia,0,0,Lituania,E
07/06/2016,Dinamarca,4,0,Bulgaria,L
07/06/2016,Australia,1,2,Grecia,V
07/06/2016,Estados Unidos,4,0,Costa Rica,L
07/06/2016,Colombia,2,1,Paraguay,L
07/06/2016,Japón,1,2,Bosnia,V
08/06/2016,Ecuador,2,2,Perú,E
08/06/2016, Haití,1,7,Brasil,V
09/06/2016,Uruguay,0,1,Venezuela,V
09/06/2016,México,2,0, Jamaica,L
10/06/2016,Francia,2,1,Rumania,L
10/06/2016,Argentina,5,0,Panamá,L
10/06/2016,Argentina,5,0,Panamá,L
11/06/2016,Inglaterra,1,1,Rusia,E
11/06/2016,Costa Rica,3,2,Colombia,L
11/06/2016,Albania,0,1,Suiza,V
11/06/2016,Inglaterra,1,1,Rusia,E
11/06/2016,Colombia,2,3,Costa Rica,V
12/06/2016,Brasil,0,1,Perú,V
12/06/2016,Turquía,0,1,Croacia,V
12/06/2016,Brasil,0,1,España,V
12/06/2016,Alemania,2,0,Ucrania,L
12/06/2016,Polonia,1,0,Irlanda del Norte,L
13/06/2016,Uruguay,3,0,Jamaica,L
13/06/2016,España,1,0,República Checa,L
13/06/2016,México,1,1, Venezuela,E
13/06/2016,Italia,1,1,Suecia,E
13/06/2016,Bélgica,0,2,Italia,V
14/06/2016,Portugal,1,1,Islandia,E
14/06/2016,Argentina,3,0,Bolivia,L
14/06/2016,Portugal,1,1,Islandia,E
14/06/2016,Chile,4,2,Panamá,L
15/06/2016,Rusia,1,2,Eslovaquia,V
15/06/2016,Francia,2,0,Albania,L
15/06/2016,Rumani,1,1,Suiza,E
16/06/2016,Alemania,0,0,Polonia,E
16/06/2016,Inglaterra,2,1,Gales,L
16/06/2016,Alemania,0,0,Polonia,E
17/06/2016,España,3,0,Turquía,L
17/06/2016,Perú,0,0,Colombia,E
17/06/2016,República Checa,2,2,Croacia,E
17/06/2016,irlanda,1,0,Suecia,L
17/06/2016,Perú,0,0,Colombia,E
18/06/2016,Portugal,0,0,Austria,E
18/06/2016,Argentina,4,1,Venezuela,L
18/06/2016,Islandia,1,1,Hungría,E
18/06/2016,México,0,7,Chile,V
18/06/2016,Bélgica,3,0,Irlanda,L
19/06/2016,Suiza,0,0,Francia,E
19/06/2016,Suiza,0,0,Francia,E
20/06/2016,Rusia,0,3,Gales,V
20/06/2016,Eslovenia,0,0,Inglaterra,E
21/06/2016,Croacia,2,1,España,L
21/06/2016,Croacia,2,1,España,L
21/06/2016,Estados Unidos,0,4,Argentina,V
21/06/2016,Alemania,1,0,Irlanda del Norte,L
21/06/2016,Ucrania,0,1,Polonia,V
22/06/2016,Hungría,3,3,Portugal,E
22/06/2016,Islandia,2,1,Austria,L
22/06/2016,Suecia,0,1,Bélgica,V
22/06/2016,Suecia,0,1,Bélgica,V
22/06/2016,Colombia,0,2,Chile,V
25/06/2016,Croacia,0,1,Portugal,V
25/06/2016,Croacia,1,1,Portugal,E
25/06/2016,Suiza,1,1,Polonia,E
25/06/2016,Suiza,1,1,Polonia,E
25/06/2016,Estados Unidos,0,1,Colombia,V
26/06/2016,Francia,2,1,Irlanda,L
26/06/2016,Argentina,0,0,Chile,E
26/06/2016,Alemania,3,0,Eslovaquia,L
26/06/2016,Hungría,0,4,Bélgica,V
27/06/2016,Italia,2,0,España,L
27/06/2016,Inglaterra,1,2,Islandia,V
27/06/2016,Inglaterra,1,2,Islandia,V
30/06/2016,Polonia,1,1,Portugal,E
30/06/2016,Polonia,1,1,Portugal,E
01/07/2016,Gales,3,1,Bélgica,L
02/07/2016,Alemania,1,1,Italia,E
03/07/2016,Francia,5,2,Islandia,L
03/07/2016,Francia,5,2,Islandia,L
06/07/2016,Portugal,2,0,Gales,L
07/07/2016,Alemania,0,2,Francia,V
07/07/2016,Francia,2,0,Alemania,L
10/07/2016,Portugal,1,0,Francia,L
10/07/2016,Portugal,1,0,Francia,L
19/08/2016,SPAL,0,3,Irán,V
24/08/2016,Arabia Saudita,4,0,Laos,L
30/08/2016,Egipto,1,1,Guinea,E
31/08/2016,Dinamarca,5,0,Liechtenstein,L
31/08/2016,Alemania,2,0,Finlandia,L
01/09/2016,Argentina,1,0,Uruguay,L
01/09/2016,Arabia Saudita,1,0,Tailandia,L
01/09/2016,Irán,2,0,Catar,L
01/09/2016,Italia,1,3,Francia,V
01/09/2016,Australia,2,0,Iraq,L
01/09/2016,Bolivia,0,3,Perú,V
01/09/2016,Argentina,1,0,Uruguay,L
01/09/2016,Ecuador,0,3,Brasil,V
01/09/2016,Corea del Sur,3,2,China,L
01/09/2016,Colombia,2,0,Venezuela,L
01/09/2016,Japón,1,2,EAU,V
02/09/2016, Haití,0,1,Costa Rica,V
02/09/2016, El Salvador,1,3,México,V
02/09/2016,Panamá,2,0,Jamaica,L
03/09/2016,Nigeria,1,0,Tanzania,L
03/09/2016,Senegal,2,0,Namibia,L
04/09/2016,Marruecos,2,0,Santo Tomé y Príncipe,L
04/09/2016,Dinamarca,1,0,Armenia,L
04/09/2016,Noruega,0,3,Alemania,V
04/09/2016,Túnez,4,1,Liberia,L
04/09/2016,Eslovaquia,0,1,Inglaterra,V
04/09/2016,Kazajistán,2,2,Polonia,E
05/09/2016,España,8,0,Liechtenstein,L
05/09/2016,Croacia,1,1,Turquía,E
05/09/2016,Ucrania,1,1,Islandia,E
05/09/2016,Serbia,2,2,Irlanda,E
06/09/2016,Uruguay,4,0,Paraguay,L
06/09/2016,Irak,1,2,Arabia Saudita,V
06/09/2016,Sudáfrica,1,0,Egipto,L
06/09/2016,Suiza,2,0,Portugal,L
06/09/2016,China,0,0,Irán,E
06/09/2016,Bielorrusia,0,0,Francia,E
06/09/2016,EAU,0,1,Australia,V
06/09/2016,Perú,2,1,Ecuador,L
06/09/2016,Venezuela,2,2,Argentina,E
06/09/2016,Brasil,2,1,Colombia,L
06/09/2016,Costa Rica,3,1,Panamá,L
06/09/2016,Suiza,2,0,Portugal,L
06/09/2016,México,0,0,Honduras,E
06/09/2016,Siria,0,0,Corea del Sur,E
06/09/2016,Suecia,1,1,Países Bajos,E
06/09/2016,Chipre,0,3,Bélgica,V
06/09/2016,Costa Rica,3,1,Panamá,L
06/09/2016,Brasil,2,1,Colombia,L
06/09/2016,Tailandia,0,2,Japón,V
06/10/2016,Uruguay,3,0,Venezuela,L
06/10/2016,Arabia Saudita,2,2,Australia,E
06/10/2016,Italia,1,1,España,E
06/10/2016,Uzbekistán,0,1,Irán,V
06/10/2016,Arabia Saudita,2,2,Australia,E
06/10/2016,Perú,2,2,Argentina,E
06/10/2016,Kosovo,0,6,Croacia,V
06/10/2016,Perú,2,2,Argentina,E
06/10/2016,Islandia,3,2,Finlandia,L
06/10/2016,Rusia,3,4,Costa Rica,V
06/10/2016,Moldovia,0,3,Serbia,V
06/10/2016,Corea del Sur,3,2,Qatar,L
06/10/2016,Paraguay,0,1,Colombia,V
06/10/2016,Japón,2,1,Irak,L
07/10/2016,Portugal,6,0,Andorra,L
07/10/2016,Francia,4,1,Bulgaria,L
07/10/2016,Brasil,5,0,Bolivia,L
07/10/2016,Hungría,2,3,Suiza,V
07/10/2016,Luxemburgo,0,1,Suecia,V
07/10/2016,Bélgica,4,0,Bosnia y Herzegovina,L
08/10/2016,Gabón,0,0,Marruecos,E
08/10/2016,Polonia,3,2,Dinamarca,L
08/10/2016,Alemania,3,0,República Checa,L
08/10/2016,México,2,1, Nueva Zelanda,L
08/10/2016,Inglaterra,2,0,Malta,L
08/10/2016,Senegal,2,0,Cabo Verde,L
08/10/2016,Polonia,3,2,Dinamarca,L
09/10/2016,Congo,1,2,Egipto,V
09/10/2016,Albania,0,2,España,V
09/10/2016,Finlandia,0,1,Croacia,V
09/10/2016,Zambia,1,2,Nigeria,V
09/10/2016,Islandia,2,0,Turquía,L
09/10/2016,Serbia,3,2,Austria,L
09/10/2016,Túnez,2,0,Guinea,L
10/10/2016,Islas Feroe,0,6,Portugal,V
10/10/2016,Países Bajos,0,1,Francia,V
10/10/2016,Andorra,1,2,Suiza,V
10/10/2016,Suecia,3,0,Bulgaria,L
10/10/2016,Gibraltar,0,6,Bélgica,V
11/10/2016,Colombia,2,2,Uruguay,E
11/10/2016,Arabia Saudita,3,0,UAE,L
11/10/2016,Irán,1,0,Corea del Sur,L
11/10/2016,Dinamarca,0,1,Montenegro,V
11/10/2016,Australia,1,1,Japón,E
11/10/2016,Chile,2,1,Perú,L
11/10/2016,Argentina,0,1,Paraguay,V
11/10/2016, Venezuela,0,2,Brasil,V
11/10/2016,Alemania,2,0,Irlanda del Norte,L
11/10/2016,México,1,0,Panamá,L
11/10/2016,Irán,1,0,Corea del Sur,L
11/10/2016,Eslovenia,0,0,Inglaterra,E
11/10/2016,Polonia,2,1,Armenia,L
11/10/2016,Colombia,2,2,Uruguay,E
11/10/2016,Australia,1,1,Japón,E
10/11/2016,Uruguay,2,1,Ecuador,L
10/11/2016,Paraguay,1,4,Perú,V
10/11/2016,Brasil,3,0,Argentina,L
10/11/2016,Colombia,0,0,Chile,E
11/11/2016,Francia,2,1,Suecia,L
11/11/2016,Dinamarca,4,1,Kazajstán,L
11/11/2016,Brasil,3,0,Argentina,L
11/11/2016, Trinidad y Tobago,0,2,Costa Rica,V
11/11/2016,San Marino,0,8,Alemania,V
11/11/2016,Estados Unidos,1,2,México,V
11/11/2016,Corea del Sur,2,0,Canadá,L
11/11/2016,Francia,2,1,Suecia,L
11/11/2016,Honduras,0,1,Panamá,V
11/11/2016,Libia,0,1,Túnez,V
11/11/2016,Inglaterra,3,0,Escocia,L
11/11/2016,Rumania,0,3,Polonia,V
11/11/2016,Japón,4,0,Omán,L
12/11/2016,Marruecos,0,0,Costa de Marfil,E
12/11/2016,España,4,0,Macedonia del Norte,L
12/11/2016,Croacia,2,0,Islandia,L
12/11/2016,Nigeria,3,1,Argelia,L
12/11/2016,Croacia,2,0,Islandia,L
12/11/2016,Wales,1,1,Serbia,E
13/11/2016,Egipto,2,0,Ghana,L
13/11/2016,Portugal,4,1,Letonia,L
13/11/2016,Suiza,2,0,Islas faroe,L
13/11/2016,Bélgica,8,1,Estonia,L
15/11/2016,Chile,3,1,Uruguay,L
15/11/2016,Japón,2,1,Arabia Saudita,L
15/11/2016,Marruecos,2,1,Togo,L
15/11/2016,Inglaterra,2,2,España,E
15/11/2016,Siria,0,0,Irán,E
15/11/2016,Francia,0,0,Costa de Marfil,E
15/11/2016,República Checa,1,1,Dinamarca,E
15/11/2016,Tailandia,2,2,Australia,E
15/11/2016,Perú,0,2,Brasil,V
15/11/2016,Irlanda del Norte,0,3,Croacia,V
15/11/2016,Argentina,3,0,Colombia,L
15/11/2016,Malta,0,2,Islandia,V
15/11/2016,España,0,2,Brasil,V
15/11/2016,Costa Rica,4,0,Estados Unidos,L
15/11/2016,Ucrania,2,0,Serbia,L
15/11/2016,Italia,0,0,Alemania,E
15/11/2016,Panamá,0,0,México,E
15/11/2016,Corea del Sur,2,1,Uzbekistán,L
15/11/2016,Hungría,0,2,Suecia,V
15/11/2016,Panamá,0,0,México,E
15/11/2016,Túnez,0,0,Mauritania,E
15/11/2016,Inglaterra,2,2,España,E
15/11/2016,Argentina,3,0,Colombia,L
15/11/2016,Japón,2,1,Arabia Saudita,L
08/01/2017,Suecia,1,2,Costa de Marfil,V
08/01/2017,Libia,1,2,Senegal,V
10/01/2017,RP China,0,2,Islandia,V
11/01/2017,Chile,1,1,Croacia,E
11/01/2017,Congo,0,2,Senegal,V
12/01/2017,Suecia,6,0,Eslovaquia,L
13/01/2017,Costa Rica,0,0, El Salvador,E
13/01/2017,Panamá,0,0,Belice,E
14/01/2017,RP China,1,1,Croacia,E
15/01/2017,Islandia,0,1,Chile,V
15/01/2017,Costa Rica,3,0, Belice,L
15/01/2017,Panamá,2,1,Nicaragua,L
15/01/2017,Túnez,0,2,Senegal,V
15/01/2017,Túnez,0,2,Senegal,V
16/01/2017,RD Congo,1,0,Marruecos,L
17/01/2017,Malí,0,0,Egipto,E
17/01/2017,Costa Rica,0,0,Nicaragua,E
17/01/2017,Panamá,0,1,Honduras,V
19/01/2017,Argelia,1,2,Túnez,V
19/01/2017,Senegal,2,0,Zimbabue,L
20/01/2017,Marruecos,3,1,Togo,L
20/01/2017,Costa Rica,1,1,Honduras,E
20/01/2017,Panamá,1,0,El Salvador,L
21/01/2017,Egipto,1,0,Uganda,L
22/01/2017,Panamá,1,0,Costa Rica,L
22/01/2017,Panamá,1,0,Costa Rica,L
23/01/2017,Zimbabue,2,4,Túnez,V
23/01/2017,Senegal,2,2,Argelia,E
24/01/2017,Marruecos,1,0,Costa de Marfil,L
25/01/2017,Egipto,1,0,Ghana,L
25/01/2017,Brasil,1,0,Colombia,L
25/01/2017,Brasil,1,0,Colombia,L
28/01/2017,Burkina Faso,2,0,Túnez,L
28/01/2017,Senegal,0,0,Camerún,E
29/01/2017,Egipto,1,0,Marruecos,L
29/01/2017,Egipto,1,0,Marruecos,L
29/01/2017,Estados Unidos,0,0,Serbia,E
01/02/2017,Burkina Faso,1,1,Egipto,E
05/02/2017,Egipto,1,2,Camerún,V
08/02/2017,México,1,0,Islandia,L
08/02/2017,México,1,0,Islandia,L
18/03/2017,Irán,0,1,Irak,V
22/03/2017,Alemania,1,0,Inglaterra,L
23/03/2017,Uruguay,1,4,Brasil,V
23/03/2017,Tailandia,0,3,Arabia Saudita,V
23/03/2017,Catar,0,1,Irán,V
23/03/2017,Iraq,1,1,Australia,E
23/03/2017,Venezuela,2,2,Perú,E
23/03/2017,Argentina,1,0,Chile,L
23/03/2017,Nigeria,1,1,Senegal,E
23/03/2017,Uruguay,1,4,Brasil,V
23/03/2017,China,1,0,Corea del Sur,L
23/03/2017,Nigeria,1,1,Senegal,E
23/03/2017,Colombia,1,0,Bolivia,L
23/03/2017,EAU,0,2,Japón,V
24/03/2017,Rusia,0,2,Costa de Marfil,V
24/03/2017,España,4,1,Israel,L
24/03/2017,Croacia,1,0,Ucrania,L
24/03/2017,Kosovo,1,2,Islandia,V
24/03/2017,México,2,0,Costa Rica,L
24/03/2017,Georgia,1,3,Serbia,V
24/03/2017,México,2,0,Costa Rica,L
24/03/2017,Trinidad y Tobago,1,0,Panamá,L
25/03/2017,Portugal,3,0,Hungría,L
25/03/2017,Luxemburgo,1,3,Francia,V
25/03/2017,Suiza,1,0,Letonia,L
25/03/2017,Suecia,4,0,Bielorrusia,L
25/03/2017,Bélgica,1,1,Grecia,E
26/03/2017,Rumania,0,0,Dinamarca,E
26/03/2017,Azerbaiyán,1,4,Alemania,V
26/03/2017,Inglaterra,2,0,Lituania,L
26/03/2017,Montenegro,1,2,Polonia,V
28/03/2017,Perú,2,1,Uruguay,L
28/03/2017,Arabia Saudita,1,0,Irak,L
28/03/2017,Rusia,3,3,Bélgica,E
28/03/2017,Portugal,2,3,Suecia,V
28/03/2017,Irán,1,0,China,L
28/03/2017,Francia,0,2,España,V
28/03/2017,Australia,2,0,EAU,L
28/03/2017,Perú,2,1,Uruguay,L
28/03/2017,Estonia,3,0,Croacia,L
28/03/2017,Bolivia,2,0,Argentina,L
28/03/2017,República de Irlanda,0,1,Islandia,V
28/03/2017,Brasil,3,0, Paraguay,L
28/03/2017,Honduras,1,1,Costa Rica,E
28/03/2017, Trinidad y Tobago,0,1,México,V
28/03/2017,Corea del Sur,1,0,Siria,L
28/03/2017,Portugal,2,3,Suecia,V
28/03/2017,Rusia,3,3,Bélgica,E
28/03/2017,Panamá,1,1,Estados Unidos,E
28/03/2017,Ecuador,0,2,Colombia,V
28/03/2017,Japón,4,0,Tailandia,L
11/05/2017,Senegal,2,0,Mauritania,L
27/05/2017,México,1,2,Croacia,V
27/05/2017,México,1,2,Croacia,V
01/06/2017,Nigeria,3,0,Togo,L
01/06/2017,Suiza,1,0,Bielorrusia,L
01/06/2017,México,3,1, Irlanda,L
02/06/2017,Francia,5,0,Paraguay,L
03/06/2017,Portugal,4,0,Chipre,L
04/06/2017,Montenegro,1,2,Irán,V
05/06/2017,Hungría,0,3,Rusia,V
05/06/2017,Bélgica,2,1,República Checa,L
06/06/2017,Dinamarca,1,1,Alemania,E
06/06/2017,Dinamarca,1,1,Alemania,E
06/06/2017,Senegal,0,0,Uganda,E
07/06/2017,Irak,0,0,Corea del Sur,E
07/06/2017,España,2,2,Colombia,E
07/06/2017,Japón,1,1,Siria,E
08/06/2017,Australia,3,2,Arabia Saudita,L
08/06/2017,Australia,3,2,Arabia Saudita,L
08/06/2017,Perú,1,0,Paraguay,L
08/06/2017,Costa Rica,0,0,Panamá,E
08/06/2017,México,3,0,Honduras,L
08/06/2017,Costa Rica,0,0,Panamá,E
09/06/2017,Rusia,1,1,Chile,E
09/06/2017,Letonia,0,3,Portugal,V
09/06/2017,Suecia,2,1,Francia,L
09/06/2017,Brasil,0,1,Argentina,V
09/06/2017,Brasil,0,1,Argentina,V
09/06/2017,Islas Faroe,0,2,Suiza,V
09/06/2017,Suecia,2,1,Francia,L
09/06/2017,Estonia,0,2,Bélgica,V
10/06/2017,Camerún,1,0,Marruecos,L
10/06/2017,Kazajstán,1,3,Dinamarca,V
10/06/2017,Nigeria,0,2,Sudáfrica,V
10/06/2017,Alemania,7,0,San Marino,L
10/06/2017,Escocia,2,2,Inglaterra,E
10/06/2017,Senegal,3,0,Guinea Ecuatorial,L
10/06/2017,Polonia,3,1,Rumania,L
11/06/2017,Túnez,1,0,Egipto,L
11/06/2017,Macedonia del Norte,1,2,España,V
11/06/2017,Islandia,1,0,Croacia,L
11/06/2017,Islandia,1,0,Croacia,L
11/06/2017,Serbia,1,1,Wales,E
11/06/2017,México,1,1,Estados Unidos,E
11/06/2017,Túnez,1,0,Egipto,L
12/06/2017,Irán,2,0,Uzbekistán,L
13/06/2017,Francia,3,2,Inglaterra,L
13/06/2017,Australia,0,4,Brasil,V
13/06/2017,Perú,3,1,Jamaica,L
13/06/2017,Singapur,0,6,Argentina,V
13/06/2017,Australia,0,4,Brasil,V
13/06/2017,Costa Rica,2,1, Trinidad y Tobago,L
13/06/2017,Qatar,3,2,Corea del Sur,L
13/06/2017,Noruega,1,1,Suecia,E
13/06/2017,Panamá,2,2,Honduras,E
13/06/2017,Camerún,1,4,Colombia,V
13/06/2017,Irak,1,1,Japón,E
17/06/2017,Rusia,2,0,Nueva Zelanda,L
18/06/2017,Portugal,2,2,México,E
18/06/2017,Portugal,2,2,México,E
19/06/2017,Australia,2,3,Alemania,V
19/06/2017,Alemania,3,2,Australia,L
21/06/2017,Rusia,0,1,Portugal,V
21/06/2017,Rusia,0,1,Portugal,V
21/06/2017,México,2,1, Nueva Zelanda,L
22/06/2017,Camerún,1,1,Australia,E
22/06/2017,Alemania,1,1,Chile,E
24/06/2017,México,2,1,Rusia,L
24/06/2017,Nueva Zelanda,0,4,Portugal,V
24/06/2017,México,2,1,Rusia,L
25/06/2017,Chile,1,1,Australia,E
25/06/2017,Alemania,3,1,Camerún,L
28/06/2017,Portugal,0,0,Chile,E
28/06/2017,México,1,0, Ghana,L
29/06/2017,Alemania,4,1,México,L
29/06/2017,Alemania,4,1,México,L
01/07/2017,México,2,1, Paraguay,L
02/07/2017,Portugal,2,1,México,L
02/07/2017,Alemania,1,0,Chile,L
02/07/2017,Portugal,2,1,México,L
07/07/2017,Costa Rica,1,0,Honduras,L
08/07/2017,Estados Unidos,1,1,Panamá,E
09/07/2017,México,3,1, El Salvador,L
11/07/2017, Canadá,1,1,Costa Rica,E
12/07/2017,Panamá,2,1,Nicaragua,L
13/07/2017,México,0,0, Jamaica,E
15/07/2017,Panamá,3,0,Martinica,L
15/07/2017,Sierra Leona,1,1,Senegal,E
16/07/2017, Curazao,0,2,México,V
19/07/2017,Costa Rica,1,0,Panamá,L
19/07/2017,Costa Rica,1,0,Panamá,L
20/07/2017,México,1,0,Honduras,L
22/07/2017,Estados Unidos,2,0,Costa Rica,L
22/07/2017,Senegal,3,1,Sierra Leona,L
23/07/2017,México,0,1, Jamaica,V
12/08/2017,Benín,1,0,Nigeria,L
13/08/2017,Egipto,1,1,Marruecos,E
13/08/2017,Egipto,1,1,Marruecos,E
15/08/2017,Senegal,3,1,Guinea,L
18/08/2017,Marruecos,3,1,Egipto,L
18/08/2017,Marruecos,3,1,Egipto,L
18/08/2017,Nigeria,2,0,Benín,L
23/08/2017,Guinea,5,0,Senegal,L
29/08/2017,UAE,2,1,Arabia Saudita,L
31/08/2017,Uruguay,0,0,Argentina,E
31/08/2017,Uganda,1,0,Egipto,L
31/08/2017,Portugal,5,1,Islas Feroe,L
31/08/2017,Corea del Sur,0,0,Irán,E
31/08/2017,Francia,4,0,Países Bajos,L
31/08/2017,Japón,2,0,Australia,L
31/08/2017,Perú,2,1,Bolivia,L
31/08/2017,Uruguay,0,0,Argentina,E
31/08/2017,Brasil,2,0,Ecuador,L
31/08/2017,Suiza,3,0,Andorra,L
31/08/2017,Corea del Sur,0,0,Irán,E
31/08/2017,Bulgaria,3,2,Suecia,L
31/08/2017,Bélgica,9,0,Gibraltar,L
31/08/2017,Venezuela,0,0,Colombia,E
31/08/2017,Japón,2,0,Australia,L
01/09/2017,Marruecos,6,0,Malí,L
01/09/2017,Dinamarca,4,0,Polonia,L
01/09/2017,Nigeria,4,0,Camerún,L
01/09/2017,Estados Unidos,0,2,Costa Rica,V
01/09/2017,República Checa,1,2,Alemania,V
01/09/2017,México,1,0,Panamá,L
01/09/2017,México,1,0,Panamá,L
01/09/2017,Túnez,2,1,RD Congo,L
01/09/2017,Malta,0,4,Inglaterra,V
01/09/2017,Dinamarca,4,0,Polonia,L
02/09/2017,España,3,0,Italia,L
02/09/2017,Finlandia,1,0,Islandia,L
02/09/2017,Costa Rica,1,1,México,E
02/09/2017,Serbia,3,0,Moldovia,L
02/09/2017,Senegal,0,0,Burkina Faso,E
03/09/2017,Rusia,3,0,Dinamo Moscú,L
03/09/2017,Hungría,0,1,Portugal,V
03/09/2017,Francia,0,0,Luxemburgo,E
03/09/2017,Croacia,1,0,Kosovo,L
03/09/2017,Letonia,0,3,Suiza,V
03/09/2017,Bielorrusia,0,4,Suecia,V
03/09/2017,Grecia,1,2,Bélgica,V
04/09/2017,Armenia,1,4,Dinamarca,V
04/09/2017,Camerún,1,1,Nigeria,E
04/09/2017,Alemania,6,0,Noruega,L
04/09/2017,Inglaterra,2,1,Eslovaquia,L
04/09/2017,Polonia,3,0,Kazajistán,L
05/09/2017,Paraguay,1,2,Uruguay,V
05/09/2017,Arabia Saudita,1,0,Japón,L
05/09/2017,Egipto,1,0,Uganda,L
05/09/2017,Malí,0,0,Marruecos,E
05/09/2017,Liechtenstein,0,8,España,V
05/09/2017,Irán,2,2,Siria,E
05/09/2017,Australia,2,1,Tailandia,L
05/09/2017,Ecuador,1,2,Perú,V
05/09/2017,Turquía,1,0,Croacia,L
05/09/2017,Argentina,1,1,Venezuela,E
05/09/2017,Islandia,2,0,Ucrania,L
05/09/2017,Colombia,1,1,Brasil,E
05/09/2017,Irlanda,0,1,Serbia,V
05/09/2017,Costa Rica,1,1,México,E
05/09/2017,Uzbekistán,0,0,Corea del Sur,E
05/09/2017,Panamá,3,0,Trinidad y Tobago,L
05/09/2017,RD Congo,2,2,Túnez,E
05/09/2017,Burkina Faso,2,2,Senegal,E
05/09/2017,Colombia,1,1,Brasil,E
05/09/2017,Arabia Saudita,1,0,Japón,L
05/10/2017,Venezuela,0,0,Uruguay,E
05/10/2017,Irán,2,0,Togo,L
05/10/2017,Montenegro,0,1,Dinamarca,V
05/10/2017,Siria,1,1,Australia,E
05/10/2017,Argentina,0,0,Perú,E
05/10/2017,Argentina,0,0,Perú,E
05/10/2017,Bolivia,0,0,Brasil,E
05/10/2017,Irlanda del Norte,1,3,Alemania,V
05/10/2017,Inglaterra,1,0,Eslovenia,L
05/10/2017,Armenia,1,6,Polonia,V
05/10/2017,Colombia,1,2,Paraguay,V
06/10/2017,España,3,0,Albania,L
06/10/2017,Croacia,1,1,Finlandia,E
06/10/2017,Turquía,0,3,Islandia,V
06/10/2017,Austria,3,2,Serbia,L
06/10/2017,México,3,1, Trinidad y Tobago,L
06/10/2017,Estados Unidos,4,0,Panamá,L
06/10/2017,Japón,2,1,Nueva Zelanda,L
07/10/2017,Rusia,4,2,Corea del Sur,L
07/10/2017,Marruecos,3,0,Gabón,L
07/10/2017,Andorra,0,2,Portugal,V
07/10/2017,Bulgaria,0,1,Francia,V
07/10/2017,Nigeria,1,0,Zambia,L
07/10/2017,Brasil,3,0,Chile,L
07/10/2017,Costa Rica,1,1,Honduras,E
07/10/2017,Suiza,5,2,Hungría,L
07/10/2017,Rusia,4,2,Corea del Sur,L
07/10/2017,Suecia,8,0,Luxemburgo,L
07/10/2017,Bosnia y Herzegovina,3,4,Bélgica,V
07/10/2017,Guinea,1,4,Túnez,V
07/10/2017,Cabo Verde,0,2,Senegal,V
08/10/2017,Egipto,2,1,Congo,L
08/10/2017,Dinamarca,1,1,Rumania,E
08/10/2017,Alemania,5,1,Azerbaiyán,L
08/10/2017,Lituania,0,1,Inglaterra,V
08/10/2017,Polonia,4,2,Montenegro,L
09/10/2017,Israel,0,1,España,V
09/10/2017,Ucrania,0,2,Croacia,V
09/10/2017,Islandia,2,0,Kosovo,L
09/10/2017,Serbia,1,0,Georgia,L
10/10/2017,Uruguay,4,2,Bolivia,L
10/10/2017,Rusia,1,1,Irán,E
10/10/2017,Portugal,2,0,Suiza,L
10/10/2017,Rusia,1,1,Irán,E
10/10/2017,Francia,2,1,Bielorrusia,L
10/10/2017,Australia,2,1,Siria,L
10/10/2017,Perú,1,1,Colombia,E
10/10/2017,Ecuador,1,3,Argentina,V
10/10/2017,Panamá,2,1,Costa Rica,L
10/10/2017,Portugal,2,0,Suiza,L
10/10/2017,Honduras,3,2,México,L
10/10/2017,Corea del Sur,1,3,Marruecos,V
10/10/2017,Países Bajos,2,0,Suecia,L
10/10/2017,Bélgica,4,0,Chipre,L
10/10/2017,Perú,1,1,Colombia,E
10/10/2017,Japón,3,3,Haití,E
10/10/2017,Panamá,2,1,Costa Rica,L
24/10/2017,Granada,0,5,Panamá,V
08/11/2017,Islandia,1,2,República Checa,V
09/11/2017,Irán,2,1,Panamá,L
09/11/2017,Croacia,4,1,Grecia,L
09/11/2017,Irlanda,0,1,Suiza,V
09/11/2017,Irán,2,1,Panamá,L
10/11/2017,Polonia,0,0,Uruguay,E
10/11/2017,Portugal,3,0,Arabia Saudita,L
10/11/2017,Portugal,3,0,Arabia Saudita,L
10/11/2017,Francia,2,0,Gales,L
10/11/2017,Honduras,0,0,Australia,E
10/11/2017,Argelia,1,1,Nigeria,E
10/11/2017,Japón,1,3,Brasil,V
10/11/2017,China,0,2,Serbia,V
10/11/2017,Inglaterra,0,0,Alemania,E
10/11/2017,Bélgica,3,3,México,E
10/11/2017,Corea del Sur,2,1,Colombia,L
10/11/2017,Suecia,1,0,Italia,L
10/11/2017,Bélgica,3,3,México,E
10/11/2017,Sudáfrica,0,2,Senegal,V
10/11/2017,Polonia,0,0,Uruguay,E
10/11/2017,Corea del Sur,2,1,Colombia,L
10/11/2017,Japón,1,3,Brasil,V
11/11/2017,Rusia,0,1,Argentina,V
11/11/2017,Costa de Marfil,0,2,Marruecos,V
11/11/2017,Dinamarca,0,0,Irlanda,E
11/11/2017,Nueva Zelanda,0,0,Perú,E
11/11/2017,Rusia,0,1,Argentina,V
11/11/2017,España,5,0,Costa Rica,L
11/11/2017,Túnez,0,0,Libia,E
12/11/2017,Ghana,1,1,Egipto,E
12/11/2017,Grecia,0,0,Croacia,E
12/11/2017,Suiza,0,0,Irlanda,E
13/11/2017,Bulgaria,1,0,Arabia Saudita,L
13/11/2017,Venezuela,0,1,Irán,V
13/11/2017,Polonia,0,1,México,V
13/11/2017,Italia,0,0,Suecia,E
13/11/2017,Polonia,0,1,México,V
14/11/2017,Austria,2,1,Uruguay,L
14/11/2017,Rusia,3,3,España,E
14/11/2017,Portugal,1,1,Estados Unidos,E
14/11/2017,Alemania,2,2,Francia,E
14/11/2017,Irlanda,1,5,Dinamarca,V
14/11/2017,Argentina,2,4,Nigeria,V
14/11/2017,Argentina,2,4,Nigeria,V
14/11/2017,Qatar,1,1,Islandia,E
14/11/2017,Inglaterra,0,0,Brasil,E
14/11/2017, Hungría,1,0,Costa Rica,L
14/11/2017,Corea del Sur,1,1,Serbia,E
14/11/2017,Alemania,2,2,Francia,E
14/11/2017,Corea del Sur,1,1,Serbia,E
14/11/2017,Bélgica,1,0,Japón,L
14/11/2017,Gales,1,1,Panamá,E
14/11/2017,Senegal,2,1,Sudáfrica,L
14/11/2017,China,0,4,Colombia,V
14/11/2017,Bélgica,1,0,Japón,L
15/11/2017,Australia,3,1,Honduras,L
15/11/2017,Perú,2,0,Nueva Zelanda,L
09/12/2017,Corea del Sur,2,2,China,E
09/12/2017,Japón,1,0,Corea Del Norte,L
12/12/2017,Corea del Norte,0,1,Corea del Sur,V
12/12/2017,Japón,2,1,China,L
16/12/2017,Japón,1,4,Corea del Sur,V
16/12/2017,Japón,1,4,Corea del Sur,V
22/12/2017,Kuwait,1,2,Arabia Saudita,V
25/12/2017,UAE,0,0,Arabia Saudita,E
28/12/2017,Arabia Saudita,0,2,Omán,V
07/01/2018,Suecia,1,1,Estonia,E
11/01/2018,Suecia,1,0,Dinamarca,L
11/01/2018,Indonesia,0,6,Islandia,V
11/01/2018,Suecia,1,0,Dinamarca,L
13/01/2018,Marruecos,4,0,Mauritania,L
14/01/2018,Indonesia,1,4,Islandia,V
15/01/2018,Jordania,3,2,Dinamarca,L
15/01/2018,Nigeria,0,0,Ruanda,E
17/01/2018,Marruecos,3,1,Guinea,L
19/01/2018,Libia,0,1,Nigeria,V
21/01/2018,Sudán,0,0,Marruecos,E
23/01/2018,Guinea Ecuatorial,1,3,Nigeria,V
27/01/2018,Marruecos,2,0,Namibia,L
27/01/2018,Corea del Sur,1,0,Moldavia,L
28/01/2018,Nigeria,2,1,Angola,L
30/01/2018,Corea del Sur,2,2,Jamaica,E
31/01/2018,Marruecos,3,1,Libia,L
31/01/2018,Sudán,0,1,Nigeria,V
31/01/2018,México,1,0, Bosnia y Herzegovina,L
03/02/2018,Corea del Sur,1,0,Letonia,L
04/02/2018,Marruecos,4,0,Nigeria,L
04/02/2018,Marruecos,4,0,Nigeria,L
26/02/2018,Arabia Saudita,3,0,Moldavia,L
28/02/2018,Irak,4,1,Arabia Saudita,L
22/03/2018,Dinamarca,1,1,Panamá,E
23/03/2018,Uruguay,2,0,República Checa,L
23/03/2018,Arabia Saudita,1,1,Ucrania,E
23/03/2018,Portugal,2,1,Egipto,L
23/03/2018,Rusia,0,3,Brasil,V
23/03/2018,Francia,2,3,Colombia,V
23/03/2018,Noruega,4,1,Australia,L
23/03/2018,Perú,2,0,Croacia,L
23/03/2018,Perú,2,0,Croacia,L
23/03/2018,Argentina,2,0,Italia,L
23/03/2018,Polonia,0,1,Nigeria,V
23/03/2018,México,3,0,Islandia,L
23/03/2018,Rusia,0,3,Brasil,V
23/03/2018, Escocia,0,1,Costa Rica,V
23/03/2018,Serbia,1,2,Marruecos,V
23/03/2018,Grecia,0,1,Suiza,V
23/03/2018,Alemania,1,1,España,E
23/03/2018,México,3,0,Islandia,L
23/03/2018,Polonia,0,1,Nigeria,V
23/03/2018,Francia,2,3,Colombia,V
23/03/2018,Japón,1,1,Malí,E
24/03/2018,Irlanda,2,1,Corea del Sur,L
24/03/2018,Suecia,1,2,Chile,V
26/03/2018,Gales,0,1,Uruguay,V
27/03/2018,Bélgica,4,0,Arabia Saudita,L
27/03/2018,Egipto,0,1,Grecia,V
27/03/2018,Rusia,1,3,Francia,V
27/03/2018,Rusia,1,3,Francia,V
27/03/2018,Dinamarca,0,0,Chile,E
27/03/2018,Colombia,0,0,Australia,E
27/03/2018,Islandia,1,3,Perú,V
27/03/2018,México,0,1,Croacia,V
27/03/2018,España,6,1,Argentina,L
27/03/2018,Nigeria,0,2,Serbia,V
27/03/2018,Islandia,1,3,Perú,V
27/03/2018,Alemania,0,1,Brasil,V
27/03/2018,Túnez,1,0,Costa Rica,L
27/03/2018,Serbia,2,0,Nigeria,L
27/03/2018,Suiza,6,0,Panamá,L
27/03/2018,Alemania,0,1,Brasil,V
27/03/2018,México,0,1,Croacia,V
27/03/2018,Polonia,3,2,Corea del Sur,L
27/03/2018,Rumanía,1,0,Suecia,L
27/03/2018,Polonia,3,2,Corea del Sur,L
27/03/2018,Colombia,0,0,Australia,E
27/03/2018,Japón,1,2,Ucrania,V
09/05/2018,Arabia Saudita,2,0,Argelia,L
15/05/2018,Arabia Saudita,2,0,Grecia,L
25/05/2018,Kuwait,1,1,Egipto,E
28/05/2018,Italia,2,1,Arabia Saudita,L
28/05/2018,Francia,2,0,Irlanda,L
28/05/2018,Nigeria,1,1,RD Congo,E
28/05/2018,México,0,0, Gales,E
28/05/2018,Corea del Sur,2,0,Honduras,L
29/05/2018,Perú,2,0,Escocia,L
29/05/2018,Argentina,4,0,Haití,L
30/05/2018,Austria,1,0,Rusia,L
30/05/2018,Japón,0,2,Ghana,V
01/06/2018,Egipto,0,0,Colombia,E
01/06/2018,Francia,3,1,Italia,L
01/06/2018,Australia,4,0,República Checa,L
01/06/2018,Corea del Sur,1,3,Bosnia,V
01/06/2018,Egipto,0,0,Colombia,E
02/06/2018,Suecia,0,0,Dinamarca,E
02/06/2018,Inglaterra,2,1,Nigeria,L
02/06/2018,Islandia,2,3,Noruega,V
02/06/2018,Austria,2,1,Alemania,L
02/06/2018,México,1,0, Escocia,L
02/06/2018,Suecia,0,0,Dinamarca,E
03/06/2018,Arabia Saudita,0,3,Perú,V
03/06/2018,Arabia Saudita,0,3,Perú,V
03/06/2018,Brasil,2,0,Croacia,L
03/06/2018,Croacia,0,2,Brasil,V
03/06/2018,Costa Rica,3,0, Irlanda del Norte,L
03/06/2018,España,1,1,Suiza,E
04/06/2018,Serbia,0,1,Chile,V
05/06/2018,Rusia,1,1,Turquía,E
06/06/2018,Bélgica,3,0,Egipto,L
06/06/2018,Nigeria,0,1,República Checa,V
07/06/2018,Uruguay,3,0,Uzbekistán,L
07/06/2018,Islandia,2,2,Ghana,E
07/06/2018,Inglaterra,2,0,Costa Rica,L
07/06/2018,Corea del Sur,0,0,Bolivia,E
08/06/2018,Alemania,2,1,Arabia Saudita,L
08/06/2018,Suiza,2,0,Japón,L
08/06/2018,Alemania,2,1,Arabia Saudita,L
08/06/2018,Polonia,2,2,Chile,E
08/06/2018,Suiza,2,0,Japón,L
09/06/2018,Francia,1,1,Estados Unidos,E
09/06/2018,Dinamarca,2,0,México,L
09/06/2018,Hungría,1,2,Australia,V
09/06/2018,Suecia,0,0,Perú,E
09/06/2018,Serbia,5,1,Bolivia,L
09/06/2018,Dinamarca,2,0,México,L
09/06/2018,Suecia,0,0,Perú,E
10/06/2018,Austria,0,3,Brasil,V
11/06/2018,Bélgica,4,1,Costa Rica,L
11/06/2018,Senegal,2,0,Corea del Sur,L
12/06/2018,Polonia,4,0,Lituania,L
12/06/2018,Japón,4,2,Paraguay,L
